{"stats":{"minecraft:killed":{"minecraft:sheep":4,"minecraft:horse":6,"minecraft:iron_golem":1,"minecraft:pig":6,"jujutsucraft:cursed_spirit_grade_311":1,"minecraft:villager":4,"jujutsucraft:nanako":1,"minecraft:chicken":7,"minecraft:cow":2},"minecraft:picked_up":{"minecraft:chicken":1,"minecraft:leather":1,"minecraft:iron_ingot":5,"minecraft:porkchop":5,"jujutsucraft:cursed_technique_changer":1,"minecraft:poppy":1,"jujutsucraft:item_master_six_eyes":2},"minecraft:mined":{"minecraft:grass":2,"minecraft:tall_grass":1},"minecraft:custom":{"minecraft:time_since_rest":12270,"minecraft:sprint_one_cm":22489,"minecraft:play_time":12270,"minecraft:damage_taken":518,"minecraft:walk_one_cm":50215,"minecraft:sneak_time":1,"minecraft:mob_kills":32,"minecraft:drop":5,"minecraft:damage_dealt_resisted":112,"minecraft:jump":229,"minecraft:damage_dealt":42,"minecraft:leave_game":2,"minecraft:time_since_death":12241,"minecraft:total_world_time":12270,"minecraft:fall_one_cm":6221,"minecraft:fly_one_cm":79903},"minecraft:dropped":{"minecraft:leather":1,"jujutsucraft:item_master_six_eyes":3,"jujutsucraft:cursed_technique_changer":1},"minecraft:used":{"jujutsucraft:uniform_higuruma_chestplate":1,"jujutsucraft:uniform_normal_leggings":1,"jujutsucraft:uniform_normal_boots":1,"jujutsucraft:uniform_normal_chestplate":1}},"DataVersion":3465}